source,title,company,location,posted_at_ct,url
greenhouse,Systems Reliability Engineer (SRE) - Edge,cloudflare,Hybrid,2025-08-08 12:46 PM CDT,https://boards.greenhouse.io/cloudflare/jobs/7144320?gh_jid=7144320
greenhouse,Senior Software Engineer-Kubernetes Infrastructure,newrelic,"Portland, Oregon, USA",2025-08-06 04:01 PM CDT,https://job-boards.greenhouse.io/newrelic/jobs/4823251008?gh_jid=4823251008
greenhouse,"Staff Site Reliability Engineer (SRE),Security and Data Systems",okta,"Bellevue, WA",2025-08-07 06:22 PM CDT,https://www.okta.com/company/careers/opportunity/7142180?gh_jid=7142180
greenhouse,"Senior Software Engineer, DevOps - Data Platform",roku,"Santa Monica, California",2025-08-09 07:06 AM CDT,https://www.weareroku.com/jobs/7114120?gh_jid=7114120
greenhouse,"Senior Software Engineer, DevOps - Data Platform",roku,"Boston, Massachusetts",2025-08-09 07:06 AM CDT,https://www.weareroku.com/jobs/6969177?gh_jid=6969177
greenhouse,"Senior Software Engineer, DevOps - Data Platform",roku,"San Jose, California",2025-08-09 07:06 AM CDT,https://www.weareroku.com/jobs/7069526?gh_jid=7069526
greenhouse,"Senior Software Engineer, DevOps - Data Platform",roku,"Austin, Texas",2025-08-09 07:06 AM CDT,https://www.weareroku.com/jobs/7069549?gh_jid=7069549
greenhouse,"Sr. Site Reliability Engineer, Compute SRE",roblox,"San Mateo, CA, United States",2025-08-07 03:26 PM CDT,https://careers.roblox.com/jobs/6570947?gh_jid=6570947
greenhouse,"Senior Platform Engineer, SRE, Foundations Alliance (m/f/x) ",hellofresh,"Wroc≈Çaw, Lower Silesian Voivodeship, Poland",2025-08-08 07:09 AM CDT,https://careers.hellofresh.com/global/en/job/6924767?gh_jid=6924767
